<?xml version="1.0" encoding="UTF-8"?>
<root>
  <item name="com.h6ah4i.android.widget.advrecyclerview.draggable.DraggableItemViewHolder int getDragStateFlags()">
    <annotation name="android.support.annotation.IntDef">
      <val name="flag" val="true" />
      <val name="value" val="{com.h6ah4i.android.widget.advrecyclerview.draggable.DraggableItemConstants.STATE_FLAG_DRAGGING, com.h6ah4i.android.widget.advrecyclerview.draggable.DraggableItemConstants.STATE_FLAG_IS_ACTIVE, com.h6ah4i.android.widget.advrecyclerview.draggable.DraggableItemConstants.STATE_FLAG_IS_IN_RANGE, com.h6ah4i.android.widget.advrecyclerview.draggable.DraggableItemConstants.STATE_FLAG_IS_UPDATED}" />
    </annotation>
  </item>
  <item name="com.h6ah4i.android.widget.advrecyclerview.draggable.DraggableItemViewHolder void setDragStateFlags(int) 0">
    <annotation name="android.support.annotation.IntDef">
      <val name="flag" val="true" />
      <val name="value" val="{com.h6ah4i.android.widget.advrecyclerview.draggable.DraggableItemConstants.STATE_FLAG_DRAGGING, com.h6ah4i.android.widget.advrecyclerview.draggable.DraggableItemConstants.STATE_FLAG_IS_ACTIVE, com.h6ah4i.android.widget.advrecyclerview.draggable.DraggableItemConstants.STATE_FLAG_IS_IN_RANGE, com.h6ah4i.android.widget.advrecyclerview.draggable.DraggableItemConstants.STATE_FLAG_IS_UPDATED}" />
    </annotation>
  </item>
  <item name="com.h6ah4i.android.widget.advrecyclerview.draggable.RecyclerViewDragDropManager int getItemMoveMode()">
    <annotation name="android.support.annotation.IntDef">
      <val name="value" val="{com.h6ah4i.android.widget.advrecyclerview.draggable.RecyclerViewDragDropManager.ITEM_MOVE_MODE_DEFAULT, com.h6ah4i.android.widget.advrecyclerview.draggable.RecyclerViewDragDropManager.ITEM_MOVE_MODE_SWAP}" />
    </annotation>
  </item>
  <item name="com.h6ah4i.android.widget.advrecyclerview.draggable.RecyclerViewDragDropManager void setItemMoveMode(int) 0">
    <annotation name="android.support.annotation.IntDef">
      <val name="value" val="{com.h6ah4i.android.widget.advrecyclerview.draggable.RecyclerViewDragDropManager.ITEM_MOVE_MODE_DEFAULT, com.h6ah4i.android.widget.advrecyclerview.draggable.RecyclerViewDragDropManager.ITEM_MOVE_MODE_SWAP}" />
    </annotation>
  </item>
  <item name="com.h6ah4i.android.widget.advrecyclerview.draggable.RecyclerViewDragDropManager.ItemMoveMode">
    <annotation name="android.support.annotation.IntDef">
      <val name="value" val="{com.h6ah4i.android.widget.advrecyclerview.draggable.RecyclerViewDragDropManager.ITEM_MOVE_MODE_DEFAULT, com.h6ah4i.android.widget.advrecyclerview.draggable.RecyclerViewDragDropManager.ITEM_MOVE_MODE_SWAP}" />
    </annotation>
  </item>
</root>

